<?xml version="1.0"?>
<doc>
    <assembly>
        <name>NeteaseCloudMusicAPI</name>
    </assembly>
    <members>
        <member name="T:NeteaseCloudMusicAPI.Api.CloudMusic">
            <summary>
            一个已经包装好的网易云音乐信息类
            </summary>
        </member>
        <member name="T:NeteaseCloudMusicAPI.Api.Models.Detail">
            <summary>
            歌曲详情
            </summary>
        </member>
        <member name="P:NeteaseCloudMusicAPI.Api.Models.Detail.AuthorInfos">
            <summary>
            作者信息, <c>key</c>为作者名称, <c>value</c>为作者ID
            </summary>
        </member>
        <member name="P:NeteaseCloudMusicAPI.Api.Models.Detail.SongName">
            <summary>
            歌曲名
            </summary>
        </member>
        <member name="P:NeteaseCloudMusicAPI.Api.Models.Detail.SongCover">
            <summary>
            歌曲封面
            </summary>
        </member>
        <member name="P:NeteaseCloudMusicAPI.Api.Models.Detail.SongAlbumId">
            <summary>
            歌曲所属专辑ID
            </summary>
        </member>
        <member name="P:NeteaseCloudMusicAPI.Api.Models.Detail.SongAlbumName">
            <summary>
            歌曲所属专辑名称
            </summary>
        </member>
        <member name="P:NeteaseCloudMusicAPI.Api.Models.Detail.SongAlbumCover">
            <summary>
            歌曲所属专辑封面
            </summary>
        </member>
        <member name="P:NeteaseCloudMusicAPI.Api.Models.Detail.Popularity">
            <summary>
            热度
            </summary>
        </member>
        <member name="P:NeteaseCloudMusicAPI.Api.Models.Detail.IsNonExistent">
            <summary>
            如果歌曲不存在,返回true
            </summary>
        </member>
        <member name="T:NeteaseCloudMusicAPI.Api.Models.Lyrics">
            <summary>
            关于歌词的数据
            </summary>
        </member>
        <member name="T:NeteaseCloudMusicAPI.Api.Models.Lyrics.LyricsContributor">
            <summary>
            歌词贡献者的信息
            </summary>
        </member>
        <member name="P:NeteaseCloudMusicAPI.Api.Models.Lyrics.LyricsContributor.Name">
            <summary>
            歌词贡献者
            </summary>
        </member>
        <member name="P:NeteaseCloudMusicAPI.Api.Models.Lyrics.LyricsContributor.UpTime">
            <summary>
            上传时间
            </summary>
        </member>
        <member name="P:NeteaseCloudMusicAPI.Api.Models.Lyrics.LyricsContributor.Id">
            <summary>
            账号ID
            </summary>
        </member>
        <member name="P:NeteaseCloudMusicAPI.Api.Models.Lyrics.LyricsContributorInfo">
            <summary>
            歌词贡献者的信息, 为<c>null</c>则代表没有
            </summary>
        </member>
        <member name="P:NeteaseCloudMusicAPI.Api.Models.Lyrics.Lyric">
            <summary>
            LRC格式的歌词
            </summary>
        </member>
        <member name="P:NeteaseCloudMusicAPI.Api.Models.Lyrics.LyricKrc">
            <summary>
            KRC格式的歌词
            </summary>
        </member>
        <member name="P:NeteaseCloudMusicAPI.Api.Models.Lyrics.Translation">
            <summary>
            译文
            </summary>
        </member>
        <member name="P:NeteaseCloudMusicAPI.Api.Models.Lyrics.IsUncollected">
            <summary>
            是未收录的
            </summary>
        </member>
        <member name="M:NeteaseCloudMusicAPI.Api.Models.Lyrics.GetDateTime(System.String)">
            <summary>
            时间戳转为C#格式时间
            </summary>
            <param name="timeStamp">时间戳</param>
            <returns></returns>
        </member>
        <member name="T:NeteaseCloudMusicAPI.Net.CloudMusicApi">
            <summary>
            网易云音乐API
            </summary>
        </member>
        <member name="T:NeteaseCloudMusicAPI.Net.CloudMusicApi.ApiUrl">
            <summary>
            网易云音乐的API接口
            </summary>
        </member>
        <member name="M:NeteaseCloudMusicAPI.Net.CloudMusicApi.Artist(System.Int64@)">
            <summary>
            歌手信息
            </summary>
            <param name="artistId"></param>
            <returns></returns>
        </member>
        <member name="M:NeteaseCloudMusicAPI.Net.CloudMusicApi.Album(System.Int64@)">
            <summary>
            专辑信息
            </summary>
            <param name="albumId"></param>
            <returns></returns>
        </member>
        <member name="M:NeteaseCloudMusicAPI.Net.CloudMusicApi.Detail(System.Int64@)">
            <summary>
            音乐信息
            </summary>
            <param name="songId">音乐ID</param>
            <returns></returns>
        </member>
        <member name="M:NeteaseCloudMusicAPI.Net.CloudMusicApi.DetailAsync(System.Int64)">
            <summary>
            异步的获得音乐信息
            </summary>
            <param name="songId">音乐ID</param>
            <returns></returns>
        </member>
        <member name="M:NeteaseCloudMusicAPI.Net.CloudMusicApi.DetailBatch(System.Int64[])">
            <summary>
            批量得到音乐信息
            </summary>
            <param name="songId"></param>
            <returns></returns>
            <exception cref="T:System.ArgumentOutOfRangeException"></exception>
        </member>
        <member name="M:NeteaseCloudMusicAPI.Net.CloudMusicApi.Playlist(System.Int64@)">
            <summary>
            播放列表
            </summary>
            <param name="playlistId"></param>
            <returns></returns>
        </member>
        <member name="M:NeteaseCloudMusicAPI.Net.CloudMusicApi.Lyrics(System.Int64@)">
            <summary>
            获得音乐歌词
            </summary>
            <param name="songId">音乐ID</param>
            <returns></returns>
        </member>
        <member name="M:NeteaseCloudMusicAPI.Net.CloudMusicApi.Comments(System.Int64@,System.UInt32@,System.UInt32@)">
            <summary>
            歌曲评论
            </summary>
            <param name="songId">歌曲ID</param>
            <param name="offset">偏移量, offset的取值为:(评论页数-1)*20</param>
            <param name="limit">数量, 最大为100, 如果大于100, 则会变成20</param>
            <returns></returns>
        </member>
        <member name="M:NeteaseCloudMusicAPI.Net.CloudMusicApi.HotComments(System.Int64@)">
            <summary>
            歌曲的热门评论
            </summary>
            <param name="songId">歌曲ID</param>
            <returns></returns>
        </member>
        <member name="M:NeteaseCloudMusicAPI.Net.CloudMusicApi.DetailBatchAsync(System.Int64[])">
            <summary>
            
            </summary>
            <param name="songId"></param>
            <returns></returns>
        </member>
        <member name="M:NeteaseCloudMusicAPI.Net.CloudMusicApi.LyricsAsync(System.Int64)">
            <summary>
            异步的获得音乐歌词
            </summary>
            <param name="songId">音乐ID</param>
            <returns></returns>
        </member>
    </members>
</doc>
